model,mode,batch,stock_seconds,baseline_seconds,optimized_seconds,latency_reduction_percent,reduction_ci_low,reduction_ci_high,speedup,baseline_overhead_percent,optimized_overhead_percent,optimized_added_ms_per_position
0.6B,token,1,0.4552079066634178,0.5312046259641647,0.457105977460742,13.949172292867317,13.546944861986676,14.20349319116344,1.1621038712183251,16.694947119391568,0.4169678886372319,0.014828678104095161
0.6B,hidden,1,0.4552079066634178,0.5268614459782839,0.4608264695852995,12.53365128480215,12.305400632620945,13.145029766573469,1.143296838943322,15.740838035980541,1.2342850024430918,0.04389502282720059
0.6B,soft,1,0.4552079066634178,0.5758298691362143,0.49464174546301365,14.099324822275817,13.718116604036146,14.37629554174682,1.1641352037467112,26.4982133893348,8.662819389196885,0.30807686562184244
0.6B,entropy,1,0.4552079066634178,0.585933543741703,0.46607731096446514,20.455601843828575,20.15506959313723,20.70123975111705,1.2571595526270447,28.71778700780436,2.3877889953006104,0.08491722110193223
0.6B,mixed,1,0.4552079066634178,0.532900083810091,0.45494672656059265,14.628137547315257,14.423311056722321,14.85905269947807,1.1713461218609649,17.067405027329418,-0.05737600314097424,-0.0020404695533216
0.6B,token,8,0.5221211584284902,0.5979757569730282,0.5263407360762358,11.97958613897846,11.890802382524956,12.296668043901438,1.1361000887577448,14.528160240211196,0.8081606308478095,0.03296545037301257
0.6B,hidden,8,0.5221211584284902,0.5970328357070684,0.5289681274443865,11.400496621274215,11.174609586229279,11.702998408725108,1.1286744980109185,14.34756589908206,1.3113755122479143,0.05349194543669
0.6B,soft,8,0.5221211584284902,0.6504094023257494,0.5648008286952972,13.162259543655274,12.951381727143485,13.39024681306663,1.1515730312014767,24.570588995739694,8.174284757060368,0.3334349239594303
0.6B,entropy,8,0.5221211584284902,0.6611518021672964,0.5416819658130407,18.069955487170443,17.91011890638322,18.579661568272098,1.2205534684451544,26.62804245613577,3.7464115500367434,0.15281880769180134
0.6B,mixed,8,0.5221211584284902,0.8219682816416025,0.5731156468391418,30.275211387167154,30.173192532318737,30.546984863644177,1.4342101566672232,57.428648192616684,9.766792168342263,0.3983944407082163
0.6B,token,32,0.6787818381562829,0.7635664436966181,0.6819827556610107,10.684556492639995,10.228200658065735,10.761215625697606,1.1196272007736214,12.490700365617968,0.4715679360871361,0.025007168005686253
0.6B,hidden,32,0.6787818381562829,0.7634250242263079,0.6909220423549414,9.497066453230897,8.785668796146185,9.695875919154219,1.104936559303054,12.469866061816571,1.7885281420660704,0.09484534530201927
0.6B,soft,32,0.6787818381562829,0.8358255755156279,0.735528850927949,11.999719501979222,11.757991665967982,13.03381300964519,1.136360014241649,23.13611362759933,8.360125386648987,0.443336037278641
0.6B,entropy,32,0.6787818381562829,0.884488632902503,0.7339413110166788,17.02083173096234,16.3853075501708,17.286039472207037,1.205121744240396,30.305288560012734,8.126244657668046,0.43093338172184303
0.6B,mixed,32,0.6787818381562829,0.997706888243556,0.7623495180159807,23.58983114188151,23.357603181761554,24.194071177422405,1.3087263317750817,46.98491211160598,12.311419540435198,0.6528724989038892
1.7B,token,1,0.8908115308731794,0.9552363157272339,0.8864870127290487,7.197098965594229,7.155347329145312,7.7174018261483734,1.077552521369197,7.232145366473297,-0.48545825848165247,-0.03378529800102115
1.7B,hidden,1,0.8908115308731794,0.9571159072220325,0.894680006429553,6.523337489363823,6.290406870321885,6.819222952830328,1.069785733830854,7.443143027556132,0.43426419868877186,0.03022246528416872
1.7B,soft,1,0.8908115308731794,1.065304797142744,0.9584607519209385,10.029434346712051,9.82829202135066,10.309802871162532,1.1114746169915353,19.588123887274467,7.594111515535595,0.5285095394356176
1.7B,entropy,1,0.8908115308731794,1.0739223510026932,0.9040677770972252,15.816280734531619,15.577149670286271,15.991290546196367,1.1878781416707893,20.555506275275448,1.4881089618420162,0.10356442362535745
1.7B,mixed,1,0.8908115308731794,0.9599383790045977,0.8955901712179184,6.703368590534398,6.485188127172858,6.903792298611922,1.071850060278321,7.759985781016954,0.5364367410079396,0.03733312769327313
1.7B,token,8,0.9671898502856493,1.0400302968919277,0.963797340169549,7.329878461252203,7.012578574527517,7.564585587986117,1.0790964589183947,7.531142576068772,-0.3507594827528826,-0.026503985282033682
1.7B,hidden,8,0.9671898502856493,1.0400533825159073,0.9761625174432993,6.143037092774495,5.92834525851268,6.337477516334255,1.0654510534167474,7.533529452230958,0.9277048508108399,0.07009896216914058
1.7B,soft,8,0.9671898502856493,1.151643367484212,1.0396200753748417,9.72725543968419,9.525496620199437,9.933790419912192,1.107754067820381,19.071076598258998,7.488728822764301,0.5658611335093156
1.7B,entropy,8,0.9671898502856493,1.1679164972156286,0.9861243925988674,15.565505329376084,15.300257869716273,15.66746824822365,1.184350073866097,20.75359319276322,1.9576862089305314,0.14792611182201654
1.7B,mixed,8,0.9671898502856493,1.3713180236518383,1.05351815931499,23.174774841108192,23.04894340424327,23.618246956513666,1.301655801114511,41.78374837647789,8.925683928945748,0.6744399142917246
1.7B,token,32,1.1354434974491596,1.2132903337478638,1.1324312798678875,6.664443920046903,6.315130040487471,6.889299630545165,1.071403055812278,6.85607310919405,-0.26528995833251523,-0.02353294985368848
1.7B,hidden,32,1.1354434974491596,1.215189564973116,1.148258000612259,5.50791138190343,5.399992126089437,5.827864547635553,1.0582896564405984,7.023340897465213,1.128590122880424,0.1001133059617132
1.7B,soft,32,1.1354434974491596,1.350119149312377,1.2239829897880554,9.342594658298376,9.119362568376433,9.415198441351036,1.1030538500752884,18.90676659344994,7.797789369334973,0.6917147838976234
1.7B,entropy,32,1.1354434974491596,1.396013343706727,1.1939415037631989,14.47492180891211,14.168518774484419,15.08719958602418,1.1692476886904555,22.94872856667485,5.151996241597079,0.4570156743284315
1.7B,mixed,32,1.1354434974491596,1.5607485584914684,1.2525935657322407,19.74405108898982,19.5814473368352,19.88689742102366,1.2460135523521443,37.4571752797723,10.317560367051781,0.9152349084615707
4B,token,1,1.8274035807698965,1.9005330987274647,1.8269715048372746,3.8705768365436266,3.716823235164468,3.955103552270267,1.0402642261772672,4.001826346797355,-0.023644253364107914,-0.0033755932236090302
4B,hidden,1,1.8274035807698965,1.9037180338054895,1.8395490664988756,3.370718045799126,3.305528951403558,3.484769886848349,1.0348829876164942,4.176113795478131,0.6646307283617148,0.0948866072576493
4B,soft,1,1.8274035807698965,2.039406180381775,1.9122815001755953,6.2334164439171165,6.137196235408471,6.359147663121123,1.0664780160214415,11.6013015320108,4.644727650688907,0.6631087453570217
4B,entropy,1,1.8274035807698965,2.0473916567862034,1.8428442906588316,9.990632004843192,9.931867226880541,10.036071382373956,1.1109954688869803,12.038286360565431,0.84495346574891,0.12063054600730538
4B,mixed,1,1.8274035807698965,1.906107496470213,1.8331702705472708,3.8265011841152496,3.7164606323626503,3.9537456282300765,1.0397874802438116,4.306871045265104,0.3155673896044764,0.045052263885736465
4B,token,8,1.888219096697867,1.9678226616233587,1.888863917440176,4.012492879721464,3.923395563143417,4.0768420334343585,1.0418022407300729,4.215801284114917,0.03414967804513669,0.005037662049289793
4B,hidden,8,1.888219096697867,1.972138101235032,1.897865578532219,3.7660913632924897,3.613744748007175,3.849576790896614,1.0391347646234537,4.444346775431063,0.5108772520742821,0.07536313933087513
4B,soft,8,1.888219096697867,2.1089654695242643,1.9765698965638876,6.277749677439825,6.133885845221487,6.336038838089042,1.0669824898125466,11.690718159372526,4.679054460392296,0.6902406239532866
4B,entropy,8,1.888219096697867,2.124565551057458,1.9113969691097736,10.033513997324494,9.95465766414223,10.165543765382667,1.1115250182943246,12.516897788657877,1.227499099677587,0.18107712821802124
4B,mixed,8,1.888219096697867,2.3625505678355694,1.9861825089901686,15.930582141579608,15.896679541453318,15.942164389465251,1.1894931896448715,25.120573770661323,5.18813799011042,0.7653391585336067
4B,token,32,2.134511921554804,2.2213590908795595,2.1354561392217875,3.8671348549845774,3.7337350922891366,3.95368734042556,1.0402269801191408,4.068713247640021,0.04423576450656164,0.00737670052330941
4B,hidden,32,2.134511921554804,2.2326752971857786,2.145401732996106,3.908923267959219,3.624367282833263,4.259337203007885,1.0406793575522066,4.598867527498807,0.5101780566945768,0.08507665188517421
4B,soft,32,2.134511921554804,2.3781487941741943,2.240850631147623,5.773320969777574,5.69259605482867,5.867586436705063,1.0612705555283959,11.414172493443964,4.9818747095758065,0.8307711686939001
4B,entropy,32,2.134511921554804,2.428889198228717,2.181208437308669,10.197285289945324,10.122792356688958,10.280066401459976,1.1135520827278909,13.79131564931646,2.1876905573734673,0.3648165293270722
4B,mixed,32,2.134511921554804,2.6259610261768103,2.2626137267798185,13.836736180582099,13.71338008008276,13.922346379689898,1.1605874193621695,23.023956889593244,6.001456535867167,1.0007953533204272
8B,token,1,3.147731587290764,3.2214313447475433,3.146142415702343,2.3371266057852447,2.285738702852369,2.3713993131063593,1.023930553387995,2.3413609265271695,-0.05048624840939819,-0.01241540303453803
8B,hidden,1,3.147731587290764,3.220992175862193,3.1578988768160343,1.958815656833135,1.8896044872293571,2.004575160174271,1.0199795185049665,2.32740900994306,0.3230037010246267,0.07943194941617548
8B,soft,1,3.147731587290764,3.445992711931467,3.2748614680022,4.966094192153658,4.880248786951036,5.033510306387601,1.0522560253620938,9.475430683002273,4.038777678018479,0.9932021930580959
8B,entropy,1,3.147731587290764,3.4484958089888096,3.1622229162603617,8.301384388586241,8.248010831768616,8.368418567687696,1.0905290045355163,9.554951346944796,0.46037371890625955,0.11321350757498294
8B,mixed,1,3.147731587290764,3.2227389588952065,3.15164359100163,2.2060541918030196,2.123144710902447,2.246655162302136,1.0225581877648107,2.3829024020755485,0.1242800919449838,0.030562528991140425
8B,token,8,3.2440166296437383,3.3210580702871084,3.247710580006242,2.208557897168162,1.6702540275888467,2.299330867665683,1.0225843678104856,2.374878104488354,0.11386964939539279,0.028858987207058817
8B,hidden,8,3.2440166296437383,3.318410439416766,3.2552834171801805,1.902327134906212,1.8362089368192724,1.9590440123624098,1.0193921739358929,2.293262281494468,0.3473097959328264,0.08802177762845531
8B,soft,8,3.2440166296437383,3.5458548311144114,3.3749282360076904,4.820462293234973,4.746730688759504,4.891134903692418,1.0506459939749462,9.304459129847963,4.03547889266922,1.0227469247183762
8B,entropy,8,3.2440166296437383,3.5581836253404617,3.2675430607050657,8.168228378252573,8.109620259043627,8.211825802342698,1.0889477381738566,9.684506325456965,0.7252253532347375,0.18380024266662076
8B,mixed,8,3.2440166296437383,3.88162699341774,3.382979579269886,12.846350640940873,12.777818674813357,12.874010173614902,1.1473988838725038,19.654965943994696,4.283669459530759,1.0856480439542793
8B,token,32,3.6656156117096543,3.747523605823517,3.668051043525338,2.120668757754618,2.080416972217347,2.1807891039769323,1.02166615495672,2.2344949059091457,0.06643991279129402,0.019026811060030013
8B,hidden,32,3.6656156117096543,3.7459944915026426,3.6753451991826296,1.8859956276036427,1.7912511572275691,1.9440284815581688,1.0192224916276504,2.192779830384328,0.26542847105666123,0.07601240213261917
8B,soft,32,3.6656156117096543,3.9951806627213955,3.83067867718637,4.117510556405524,4.058108832146323,4.466239270559602,1.0429433004952147,8.990714955462309,4.503010761669302,1.2895551990368403
8B,entropy,32,3.6656156117096543,4.040620561689138,3.7123287115246058,8.124787892167085,8.02195069395789,8.144620455071328,1.0884328613318586,10.230340267581429,1.2743589280263867,0.36494609230430797
8B,mixed,32,3.6656156117096543,4.316772900521755,3.839966844767332,11.045428303555028,10.954391065949299,11.129395355367,1.1241693157856714,17.763927203168993,4.756397056492223,1.3621190082631074
