mode,batch,median_seconds,min_seconds,max_seconds,positions_per_second,overhead_percent
stock,1,3.1602744292467833,3.1585766561329365,3.164976889267564,40.50281165946319,0.0
stock,8,3.2608381994068623,3.257523540407419,3.2612870037555695,314.0296872706726,0.0
stock,32,3.693544439971447,3.6914045345038176,3.6967845764011145,1108.96188378653,0.0
disabled,1,3.160115920007229,3.158731022849679,3.1612606961280107,40.504843252619416,-0.005015679590592015
disabled,8,3.260521735996008,3.2595289945602417,3.261021312326193,314.0601667196657,-0.009704971283519548
disabled,32,3.6944344248622656,3.6941110994666815,3.6956327874213457,1108.6947361781108,0.024095686549396866
token,1,3.2367394380271435,3.235619956627488,3.237926734611392,39.54596977939581,2.4195686321641707
token,8,3.344094343483448,3.340730519965291,3.3450064081698656,306.21145662216225,2.5532129773176093
token,32,3.782017830759287,3.7814711462706327,3.7867703903466463,1083.0197485287047,2.3953520047135024
soft,1,3.455919899046421,3.4542980268597603,3.4561270512640476,37.0378954776465,9.355056860365817
soft,8,3.5603705253452063,3.560115734115243,3.561864474788308,287.6105148917654,9.185746351745628
soft,32,4.025775609537959,4.023879108950496,4.026611011475325,1017.4436921659676,8.994914640016628
hidden,1,3.234223309904337,3.2331177350133657,3.2396775726228952,39.576735350344755,2.33995123882893
hidden,8,3.338562725111842,3.3362010791897774,3.3398242127150297,306.7188141464965,2.383575048866815
hidden,32,3.7778333760797977,3.7771343551576138,3.778043545782566,1084.2193374474232,2.282060970924782
norm_hidden,1,3.2367322761565447,3.2342711966484785,3.2370579093694687,39.54605728219002,2.4193420103704177
norm_hidden,8,3.346919897943735,3.3442910462617874,3.3472402431070805,305.9529451628407,2.6398641475842366
norm_hidden,32,3.781352661550045,3.7794257812201977,3.784442899748683,1083.2102600874512,2.37734303744499
entropy,1,3.467479282990098,3.4658100567758083,3.4713357724249363,36.91442386632581,9.720828384405
entropy,8,3.584488710388541,3.5824597273021936,3.5883216839283705,285.6753313330992,9.925377807477531
entropy,32,4.076791103929281,4.0761585626751184,4.079061498865485,1004.7117685407537,10.376121641054281
mixed,1,3.236281957477331,3.2318313643336296,3.2401643749326468,39.55155999441269,2.4050926567368958
mixed,8,3.901117565110326,3.899262435734272,3.904682595282793,262.4888850205776,19.63542275173078
mixed,32,4.350550007075071,4.349126162007451,4.353535702452064,941.4901548859086,17.7879426599969
embed_control,1,3.1805335264652967,3.1799360774457455,3.180943425744772,40.24482022745835,0.6410549992439174
embed_control,8,3.288214521482587,3.2848380636423826,3.2940912302583456,311.4152052154736,0.8395486191465906
embed_control,32,3.723684111610055,3.7211512103676796,3.729258455336094,1099.9858949444995,0.8160094491469261
