engine,model,mode,batch,seconds,min_seconds,max_seconds,overhead_percent
qwen,Qwen/Qwen3-0.6B,base,1,0.4425689559429884,0.4418630078434944,0.44406422413885593,0.3945347068535998
qwen,Qwen/Qwen3-0.6B,disabled,1,0.4408297296613455,0.43974393606185913,0.4421755261719227,0.0
qwen,Qwen/Qwen3-0.6B,soft,1,0.5992221813648939,0.5962916482239962,0.6022563874721527,35.93052851159308
qwen,Qwen/Qwen3-0.6B,swir,1,0.5092543549835682,0.5084576644003391,0.5108197517693043,15.521781022978631
qwen,Qwen/Qwen3-0.6B,base,8,0.5064850375056267,0.5053441561758518,0.507017495110631,0.3009033548418749
qwen,Qwen/Qwen3-0.6B,disabled,8,0.5049655791372061,0.5040269996970892,0.5073946565389633,0.0
qwen,Qwen/Qwen3-0.6B,soft,8,0.6679795738309622,0.6628554556518793,0.669108347967267,32.28219930797758
qwen,Qwen/Qwen3-0.6B,swir,8,0.5812054630368948,0.5809265188872814,0.5913784094154835,15.098035796806908
qwen,Qwen/Qwen3-0.6B,base,32,0.6594600025564432,0.6587943583726883,0.6598444376140833,-0.0800409786962053
qwen,Qwen/Qwen3-0.6B,disabled,32,0.6599882636219263,0.6593718733638525,0.6634160224348307,0.0
qwen,Qwen/Qwen3-0.6B,soft,32,0.8987606130540371,0.8952358067035675,0.9042414296418428,36.1782720380148
qwen,Qwen/Qwen3-0.6B,swir,32,0.7771517131477594,0.7764267232269049,0.7804916296154261,17.75235348623565
qwen,Qwen/Qwen3-1.7B,base,1,0.882860952988267,0.8826269321143627,0.8856806177645922,-0.05973445284089829
qwen,Qwen/Qwen3-1.7B,disabled,1,0.8833886403590441,0.8809453621506691,0.8847871758043766,0.0
qwen,Qwen/Qwen3-1.7B,soft,1,1.0410834774374962,1.034061485901475,1.0579828638583422,17.85112801703661
qwen,Qwen/Qwen3-1.7B,swir,1,0.954631581902504,0.9531889259815216,0.9584730993956327,8.064733718389672
qwen,Qwen/Qwen3-1.7B,base,8,0.9580498486757278,0.9510582610964775,0.960966482758522,-0.02044341091946844
qwen,Qwen/Qwen3-1.7B,disabled,8,0.9582457467913628,0.9567374661564827,0.9587768241763115,0.0
qwen,Qwen/Qwen3-1.7B,soft,8,1.1214484609663486,1.119244473055005,1.12405851110816,17.031405014993474
qwen,Qwen/Qwen3-1.7B,swir,8,1.0427488759160042,1.0398528818041086,1.0441926922649145,8.818523787618759
qwen,Qwen/Qwen3-1.7B,base,32,1.119217611849308,1.1175022814422846,1.1275220569223166,-0.5183863370787356
qwen,Qwen/Qwen3-1.7B,disabled,32,1.1250497158616781,1.1238612104207277,1.1306494921445847,0.0
qwen,Qwen/Qwen3-1.7B,soft,32,1.367409998551011,1.3611009549349546,1.3776318076997995,21.542184249494145
qwen,Qwen/Qwen3-1.7B,swir,32,1.2470593601465225,1.244545392692089,1.2487879395484924,10.844822461147597
qwen,Qwen/Qwen3-4B,base,1,1.831016805022955,1.8302032463252544,1.835798092186451,-0.07860921850376679
qwen,Qwen/Qwen3-4B,disabled,1,1.832457285374403,1.8297060336917639,1.8432417325675488,0.0
qwen,Qwen/Qwen3-4B,soft,1,1.9654409997165203,1.964781939983368,1.9675093460828066,7.257124922011293
qwen,Qwen/Qwen3-4B,swir,1,1.906079489737749,1.9058247711509466,1.9128777272999287,4.017676425581929
qwen,Qwen/Qwen3-4B,base,8,1.8917741030454636,1.8879979271441698,1.9004521742463112,-0.5592548626111138
qwen,Qwen/Qwen3-4B,disabled,8,1.9024134427309036,1.90022256039083,1.907114140689373,0.0
qwen,Qwen/Qwen3-4B,soft,8,2.0449540317058563,2.0432068910449743,2.0458913147449493,7.492618889947322
qwen,Qwen/Qwen3-4B,swir,8,1.9815306421369314,1.9777650851756334,1.9847114365547895,4.158780506326498
qwen,Qwen/Qwen3-4B,base,32,2.139243619516492,2.1290112771093845,2.1482977736741304,-0.6228990077537633
qwen,Qwen/Qwen3-4B,disabled,32,2.152652470394969,2.1457861214876175,2.1549468357115984,0.0
qwen,Qwen/Qwen3-4B,soft,32,2.364020163193345,2.3634022269397974,2.3699653558433056,9.818941780211944
qwen,Qwen/Qwen3-4B,swir,32,2.2655151076614857,2.2632950879633427,2.277457697317004,5.242956715897984
qwen,Qwen/Qwen3-8B,base,1,3.1582025978714228,3.1531185880303383,3.162610335275531,0.2703142189775187
qwen,Qwen/Qwen3-8B,disabled,1,3.1496885418891907,3.147805668413639,3.1498861517757177,0.0
qwen,Qwen/Qwen3-8B,soft,1,3.296387054026127,3.2946196645498276,3.3117238469421864,4.657556142009711
qwen,Qwen/Qwen3-8B,swir,1,3.2293595504015684,3.2281135823577642,3.231634933501482,2.529488470139052
qwen,Qwen/Qwen3-8B,base,8,3.2528473865240812,3.25001522526145,3.2554687298834324,0.05392702829811746
qwen,Qwen/Qwen3-8B,disabled,8,3.2510941680520773,3.246333133429289,3.256269507110119,0.0
qwen,Qwen/Qwen3-8B,soft,8,3.4089682400226593,3.4071574080735445,3.4115754514932632,4.856028887812069
qwen,Qwen/Qwen3-8B,swir,8,3.347195127978921,3.340992024168372,3.347978549078107,2.955957439535606
qwen,Qwen/Qwen3-8B,base,32,3.689814768731594,3.687159275636077,3.712300067767501,0.025719776997124022
qwen,Qwen/Qwen3-8B,disabled,32,3.688866000622511,3.687696708366275,3.6945307813584805,0.0
qwen,Qwen/Qwen3-8B,soft,32,3.915617810562253,3.912724694237113,3.922111187130213,6.146924553547817
qwen,Qwen/Qwen3-8B,swir,32,3.817164381965995,3.8146537616848946,3.8234878350049257,3.4779897486607814
swir,Qwen/Qwen3-0.6B,base,1,0.44236385077238083,0.44199924916028976,0.44457366690039635,-1.0842348916659916
swir,Qwen/Qwen3-0.6B,disabled,1,0.4472126867622137,0.44434202276170254,0.45180544257164,0.0
swir,Qwen/Qwen3-0.6B,swir,1,1.986785078421235,1.97869330085814,1.993821319192648,344.2595519383428
swir,Qwen/Qwen3-0.6B,base,8,0.5090525485575199,0.5074166096746922,0.5112534239888191,-0.4177708994990148
swir,Qwen/Qwen3-0.6B,disabled,8,0.511188143864274,0.5092509314417839,0.5167225189507008,0.0
swir,Qwen/Qwen3-0.6B,swir,8,2.2288921512663364,2.2217817436903715,2.2451217733323574,336.0218792277255
swir,Qwen/Qwen3-0.6B,base,32,0.6794998310506344,0.6787673998624086,0.6836804822087288,-1.5371806793764264
swir,Qwen/Qwen3-0.6B,disabled,32,0.6901080384850502,0.6892434265464544,0.693233285099268,0.0
swir,Qwen/Qwen3-0.6B,swir,32,2.7048986926674843,2.6939388550817966,2.7264248579740524,291.95293226918125
swir,Qwen/Qwen3-1.7B,base,1,0.8825389612466097,0.8802461512386799,0.8884520214051008,-0.0104807512627203
swir,Qwen/Qwen3-1.7B,disabled,1,0.8826314676553011,0.8824047036468983,0.8884583562612534,0.0
swir,Qwen/Qwen3-1.7B,swir,1,2.4169682804495096,2.4127271957695484,2.4300232268869877,173.83663159780082
swir,Qwen/Qwen3-1.7B,base,8,0.9515500590205193,0.9509734734892845,0.9526291713118553,-0.445877596868538
swir,Qwen/Qwen3-1.7B,disabled,8,0.9558118097484112,0.9526331536471844,0.9593407735228539,0.0
swir,Qwen/Qwen3-1.7B,swir,8,2.579991715028882,2.5783238653093576,2.6055959723889828,169.9267459049274
swir,Qwen/Qwen3-1.7B,base,32,1.1308242660015821,1.1287056002765894,1.1355772521346807,-0.371348394557669
swir,Qwen/Qwen3-1.7B,disabled,32,1.1350392159074545,1.129574278369546,1.137762375175953,0.0
swir,Qwen/Qwen3-1.7B,swir,32,3.0682439245283604,3.057900369167328,3.097741063684225,170.32052122316537
swir,Qwen/Qwen3-4B,base,1,1.8222122732549906,1.8194997627288103,1.8283198550343513,-0.04859025115739879
swir,Qwen/Qwen3-4B,disabled,1,1.8230981212109327,1.8208050150424242,1.8252137564122677,0.0
swir,Qwen/Qwen3-4B,swir,1,3.1639672815799713,3.1515604685992002,3.178468931466341,73.5489299653499
swir,Qwen/Qwen3-4B,base,8,1.8873199578374624,1.88443648442626,1.889499792829156,0.1442531936970637
swir,Qwen/Qwen3-4B,disabled,8,1.8846013601869345,1.8825145214796066,1.886827016249299,0.0
swir,Qwen/Qwen3-4B,swir,8,3.379341281950474,3.3610147405415773,3.387928543612361,79.31332075528563
swir,Qwen/Qwen3-4B,base,32,2.13947475515306,2.1355354115366936,2.1447184290736914,-0.18654759938188104
swir,Qwen/Qwen3-4B,disabled,32,2.1434733532369137,2.1410432681441307,2.153753723949194,0.0
swir,Qwen/Qwen3-4B,swir,32,3.8545519039034843,3.845510896295309,3.877274379134178,79.8273768172871
swir,Qwen/Qwen3-8B,base,1,3.148477114737034,3.148025255650282,3.1509531121701,-0.02798730086063239
swir,Qwen/Qwen3-8B,disabled,1,3.1493585351854563,3.147928496822715,3.1507709603756666,0.0
swir,Qwen/Qwen3-8B,swir,1,4.484192945063114,4.4796595722436905,4.495587749406695,42.38432668000607
swir,Qwen/Qwen3-8B,base,8,3.2480072863399982,3.246093824505806,3.2494541332125664,0.019998141758792443
swir,Qwen/Qwen3-8B,disabled,8,3.247357875108719,3.2462830245494843,3.247825788334012,0.0
swir,Qwen/Qwen3-8B,swir,8,4.768535729497671,4.76319907605648,4.772728836163878,46.84355444926207
swir,Qwen/Qwen3-8B,base,32,3.6862664707005024,3.680647887289524,3.688355542719364,0.08886582794502829
swir,Qwen/Qwen3-8B,disabled,32,3.682993547990918,3.680111825466156,3.6889078970998526,0.0
swir,Qwen/Qwen3-8B,swir,32,5.590096073225141,5.589139111340046,5.603904195129871,51.78131594269426
