model,mode,batch,seconds,min_seconds,max_seconds,overhead_percent,added_ms_per_position
Qwen/Qwen3-0.6B,stock,1,0.4570423122495413,0.4531421363353729,0.4571242015808821,0.0,0.0
Qwen/Qwen3-0.6B,stock,8,0.5224068835377693,0.5204923637211323,0.525986336171627,0.0,0.0
Qwen/Qwen3-0.6B,stock,32,0.6760338861495256,0.6756624523550272,0.6863279640674591,0.0,0.0
Qwen/Qwen3-0.6B,disabled,1,0.45422960445284843,0.4530303608626127,0.4570000246167183,-0.6154151861451962,-0.021974279661662877
Qwen/Qwen3-0.6B,disabled,8,0.5223988890647888,0.5205457154661417,0.5253787618130445,-0.001530315398290405,-6.245682016015053e-05
Qwen/Qwen3-0.6B,disabled,32,0.6800213605165482,0.6788814682513475,0.6815180536359549,0.5898335052010317,0.031152143492363393
Qwen/Qwen3-0.6B,embed_control,1,0.47381042689085007,0.47260510362684727,0.47468601539731026,3.668832007867473,0.13100089563522488
Qwen/Qwen3-0.6B,embed_control,8,0.5393734686076641,0.5386990383267403,0.5425141118466854,3.2477721110786506,0.13255144585855305
Qwen/Qwen3-0.6B,embed_control,32,0.6981835849583149,0.6968582514673471,0.6991206482052803,3.2764184255536177,0.17304452194366604
Qwen/Qwen3-0.6B,token,1,0.523733725771308,0.5220785886049271,0.5241949446499348,14.591956091223723,0.521026668138802
Qwen/Qwen3-0.6B,token,8,0.593961164355278,0.5934843048453331,0.5986179560422897,13.697040194596788,0.5590178188867867
Qwen/Qwen3-0.6B,token,32,0.7566029876470566,0.7552664112299681,0.7627466302365065,11.917908724431992,0.6294461054494604
Qwen/Qwen3-0.6B,soft,1,0.5764077417552471,0.5740747302770615,0.5768743027001619,26.11693191341402,0.9325424180133268
Qwen/Qwen3-0.6B,soft,8,0.6481025367975235,0.6475996375083923,0.6494928132742643,24.0608723239893,0.9819972910918295
Qwen/Qwen3-0.6B,soft,32,0.8309564888477325,0.8292823489755392,0.8339258320629597,22.916396037570962,1.2103328335797414
Qwen/Qwen3-0.6B,hidden,1,0.5308426935225725,0.527461115270853,0.5338832754641771,16.147384890862536,0.5765654786955565
Qwen/Qwen3-0.6B,hidden,8,0.6041013151407242,0.6010435726493597,0.611018568277359,15.638084829532772,0.6382377468980849
Qwen/Qwen3-0.6B,hidden,32,0.7757129743695259,0.7659454438835382,0.7824113331735134,14.744688138007511,0.7787428767187521
Qwen/Qwen3-0.6B,mixed,1,0.5304072927683592,0.5266951397061348,0.5334443878382444,16.052120023137206,0.5731639103032649
Qwen/Qwen3-0.6B,mixed,8,0.8127272874116898,0.811794076114893,0.8152935896068811,55.57361761924997,2.2681281552650034
Qwen/Qwen3-0.6B,mixed,32,0.9905761517584324,0.988957030698657,0.9927960354834795,46.527588639149386,2.457361450069584
Qwen/Qwen3-1.7B,stock,1,0.8875220883637667,0.8849104978144169,0.8892249502241611,0.0,0.0
Qwen/Qwen3-1.7B,stock,8,0.9672854170203209,0.9663549158722162,0.9703208319842815,0.0,0.0
Qwen/Qwen3-1.7B,stock,32,1.1344351675361395,1.1309892479330301,1.1385616455227137,0.0,0.0
Qwen/Qwen3-1.7B,disabled,1,0.8909613750874996,0.8875896856188774,0.8940972127020359,0.3875156200420449,0.02686942752916366
Qwen/Qwen3-1.7B,disabled,8,0.9679232258349657,0.9647865202277899,0.9716055989265442,0.06593801616585626,0.004982881364412606
Qwen/Qwen3-1.7B,disabled,32,1.1374686546623707,1.1338201612234116,1.1424083821475506,0.26740066008528185,0.0236991181736812
Qwen/Qwen3-1.7B,embed_control,1,0.9072791580110788,0.9054944943636656,0.9083381500095129,2.2260932889835106,0.15435210661962628
Qwen/Qwen3-1.7B,embed_control,8,0.9846058338880539,0.9837024137377739,0.9865457266569138,1.7906211096501146,0.13531575677916408
Qwen/Qwen3-1.7B,embed_control,32,1.1512271389365196,1.1499864850193262,1.153163120150566,1.4802054697273137,0.1311872765654698
Qwen/Qwen3-1.7B,token,1,0.9631633125245571,0.9627489279955626,0.9690454453229904,8.522742718464894,0.5909470637561753
Qwen/Qwen3-1.7B,token,8,1.0432084798812866,1.0417505856603384,1.0512660946696997,7.849085856669213,0.5931489286012948
Qwen/Qwen3-1.7B,token,32,1.22098627127707,1.2206481043249369,1.2282433956861496,7.629444697920418,0.67618049797602
Qwen/Qwen3-1.7B,soft,1,1.0675201080739498,1.065628768876195,1.0686107631772757,20.28096225098206,1.4062345289858058
Qwen/Qwen3-1.7B,soft,8,1.1529779825359583,1.1508306302130222,1.1579794958233833,19.197287816832276,1.4507231680909172
Qwen/Qwen3-1.7B,soft,32,1.3510960191488266,1.3481166437268257,1.360709011554718,19.09856621275672,1.692662903224118
Qwen/Qwen3-1.7B,hidden,1,0.9619340430945158,0.9573165103793144,0.9634638335555792,8.384236934084054,0.5813433963339776
Qwen/Qwen3-1.7B,hidden,8,1.0392467305064201,1.038932304829359,1.0425829198211432,7.4395118772464075,0.5621977616101503
Qwen/Qwen3-1.7B,hidden,32,1.2193400226533413,1.214972872287035,1.2218088284134865,7.48432854929959,0.6633191806031391
Qwen/Qwen3-1.7B,mixed,1,0.9596998207271099,0.9582380335777998,0.9646139871329069,8.13249983405031,0.563888534088619
Qwen/Qwen3-1.7B,mixed,8,1.379348661750555,1.3772236965596676,1.3807707373052835,42.59996454816577,3.2192440994549543
Qwen/Qwen3-1.7B,mixed,32,1.5673521626740694,1.561657315120101,1.5682092905044556,38.16145757171607,3.3821640245150775
Qwen/Qwen3-4B,stock,1,1.8266983442008495,1.8245240803807974,1.8297531008720398,0.0,0.0
Qwen/Qwen3-4B,stock,8,1.8889663312584162,1.8880546279251575,1.8891922775655985,0.0,0.0
Qwen/Qwen3-4B,stock,32,2.137581266462803,2.136319499462843,2.139412311837077,0.0,0.0
Qwen/Qwen3-4B,disabled,1,1.828234588727355,1.8257929496467113,1.832720972597599,0.08409951929844173,0.012001910363323987
Qwen/Qwen3-4B,disabled,8,1.8914380185306072,1.8899561818689108,1.8939330391585827,0.13084866740553647,0.01931005681399256
Qwen/Qwen3-4B,disabled,32,2.1429395899176598,2.137321613729,2.145638534799218,0.25067226864892156,0.04186190199106932
Qwen/Qwen3-4B,embed_control,1,1.8491993565112352,1.8458935525268316,1.8544064555317163,1.2317858819886007,0.1757891586748883
Qwen/Qwen3-4B,embed_control,8,1.9159277435392141,1.9139991998672485,1.9270382765680552,1.4273103672968412,0.21063603344373405
Qwen/Qwen3-4B,embed_control,32,2.167351709678769,2.166375307366252,2.168632535263896,1.3927163230256667,0.23258158762473613
Qwen/Qwen3-4B,token,1,1.8973257523030043,1.8964873924851418,1.8990215230733156,3.866396897242108,0.5517766257980838
Qwen/Qwen3-4B,token,8,1.967508202418685,1.9655265379697084,1.9683201909065247,4.157928590921189,0.6136083684395999
Qwen/Qwen3-4B,token,32,2.2239790316671133,2.2229630406945944,2.2244693972170353,4.041847042722191,0.6749825406586751
Qwen/Qwen3-4B,soft,1,2.0369793344289064,2.035333937034011,2.037329699844122,11.511533411941176,1.6428202361566946
Qwen/Qwen3-4B,soft,8,2.1083926763385534,2.1043178867548704,2.110191348940134,11.616212605227162,1.7142683209385723
Qwen/Qwen3-4B,soft,32,2.3832396529614925,2.377393461763859,2.3840006552636623,11.492353079291195,1.919206144521013
Qwen/Qwen3-4B,hidden,1,1.9048129487782717,1.9030752275139093,1.905871331691742,4.2762728080095735,0.6102703482611105
Qwen/Qwen3-4B,hidden,8,1.9686121754348278,1.9564785435795784,1.9722755085676908,4.216371825079168,0.6222331576282158
Qwen/Qwen3-4B,hidden,32,2.225544661283493,2.2229249961674213,2.2291584126651287,4.115090088071782,0.6872140220366418
Qwen/Qwen3-4B,mixed,1,1.9035992287099361,1.9023730624467134,1.905413718894124,4.209829430963308,0.6007881602272391
Qwen/Qwen3-4B,mixed,8,2.36127601377666,2.3570510037243366,2.3636645693331957,25.003605130621587,3.6899193946737796
Qwen/Qwen3-4B,mixed,32,2.622815178707242,2.6198910623788834,2.6284498926252127,22.70013869682661,3.7908899394096807
Qwen/Qwen3-8B,stock,1,3.155264899134636,3.1540193259716034,3.1566016357392073,0.0,0.0
Qwen/Qwen3-8B,stock,8,3.256527490913868,3.252852287143469,3.259379044175148,0.0,0.0
Qwen/Qwen3-8B,stock,32,3.690409241244197,3.6834963355213404,3.690967220813036,0.0,0.0
Qwen/Qwen3-8B,disabled,1,3.1593956127762794,3.158654123544693,3.1667545791715384,0.13091495559616195,0.03227120032534003
Qwen/Qwen3-8B,disabled,8,3.259708320721984,3.257719475775957,3.265034245327115,0.09767550917321177,0.02485023287590593
Qwen/Qwen3-8B,disabled,32,3.6936632245779037,3.6736627239733934,3.698425993323326,0.08817405119574406,0.02542174479458481
Qwen/Qwen3-8B,embed_control,1,3.1749219689518213,3.170744691044092,3.176200145855546,0.6229926946094588,0.15357085794676095
Qwen/Qwen3-8B,embed_control,8,3.27875442430377,3.2773949187248945,3.280734049156308,0.6825347997803766,0.17364791710861027
Qwen/Qwen3-8B,embed_control,32,3.7109656147658825,3.707160860300064,3.7124341428279877,0.5570215165284775,0.16059666813816875
Qwen/Qwen3-8B,token,1,3.2349971048533916,3.2283303886651993,3.2375299893319607,2.5269575857362447,0.6229078571777791
Qwen/Qwen3-8B,token,8,3.3402710910886526,3.338832560926676,3.3436305802315474,2.571561284479862,0.6542468763655052
Qwen/Qwen3-8B,token,32,3.7729683723300695,3.7702710889279842,3.7776582278311253,2.2371267165491426,0.6449932116083801
Qwen/Qwen3-8B,soft,1,3.454587271437049,3.45169747620821,3.455513183027506,9.48644192709478,2.3384560336126015
Qwen/Qwen3-8B,soft,8,3.5649854484945536,3.5621849354356527,3.567289875820279,9.471989978322704,2.4098277935991064
Qwen/Qwen3-8B,soft,32,4.0253339521586895,4.02210627309978,4.029333828017116,9.075543903677596,2.6165993040194735
Qwen/Qwen3-8B,hidden,1,3.228584920987487,3.2256584260612726,3.2379469610750675,2.32373585726382,0.5728126707253978
Qwen/Qwen3-8B,hidden,8,3.334349289536476,3.3311643339693546,3.3350531943142414,2.389717232227917,0.6079828017391264
Qwen/Qwen3-8B,hidden,32,3.768639672547579,3.7639509961009026,3.7711672205477953,2.1198307881162615,0.6111752445576712
Qwen/Qwen3-8B,mixed,1,3.2339690513908863,3.2321644127368927,3.234870994463563,2.4943754255890127,0.6148761895019561
Qwen/Qwen3-8B,mixed,8,3.899526111781597,3.898578029125929,3.9000676590949297,19.74491610040998,5.023426725529134
Qwen/Qwen3-8B,mixed,32,4.341066921129823,4.339699532836676,4.3449169881641865,17.631044075379055,5.083263124106452
