model,mode,batch,previous_seconds,optimized_seconds,change_pct,overhead_vs_stock_pct
0.6B,token,1,0.4533109124749899,0.45406235195696354,0.16576690772145408,0.6248242197638199
0.6B,token,8,0.5193645767867565,0.5227561518549919,0.6530239488450773,0.5795935106798655
0.6B,token,32,0.6757925245910883,0.6775863580405712,0.26544144603675157,0.38920685044028236
0.6B,soft,1,0.48985831066966057,0.49237811379134655,0.5143942782641187,9.11598580322086
0.6B,soft,8,0.5611051842570305,0.5638605263084173,0.49105624554783844,8.488178152612713
0.6B,soft,32,0.7373528871685266,0.7346283420920372,-0.36950354760959536,8.840379853187263
0.6B,entropy,1,0.46363993361592293,0.46737443655729294,0.8054748244493704,3.574917234816799
0.6B,entropy,8,0.537284541875124,0.5403218772262335,0.5653122534494015,3.959283087340837
0.6B,entropy,32,0.7306727096438408,0.716667179018259,-1.9167994699581192,6.17930662806776
0.6B,mixed,1,0.45261450111866,0.4547841716557741,0.4793639027807828,0.7847867887769366
0.6B,mixed,8,0.5696752239018679,0.5788494814187288,1.6104364613268363,11.372090674340708
0.6B,mixed,32,0.7590063121169806,0.7686912957578897,1.2760083132769218,13.887047131712205
1.7B,token,1,0.8924491796642542,0.8912074137479067,-0.1391413589303392,-0.24947901220395696
1.7B,token,8,0.9706694073975086,0.9744066819548607,0.38502033018350534,0.5389258234115291
1.7B,token,32,1.1423494294285774,1.1447135023772717,0.20694831964653826,0.3321815916064619
1.7B,soft,1,0.9581393860280514,0.9618702046573162,0.3893816164609376,7.659622841002944
1.7B,soft,8,1.0422147028148174,1.0443797837942839,0.20773847976036652,7.758724933731775
1.7B,soft,32,1.2313480395823717,1.2285010535269976,-0.2312088835858095,7.6760172147663175
1.7B,entropy,1,0.90692388266325,0.9050692673772573,-0.2044951424750696,1.302042104041412
1.7B,entropy,8,0.9910568986088037,0.9902346078306437,-0.0829710967467534,2.172045438695047
1.7B,entropy,32,1.1967794261872768,1.185571562498808,-0.936502035648723,3.9133207142615145
1.7B,mixed,1,0.8951874598860741,0.8973125405609608,0.23738945976266024,0.4338519059463364
1.7B,mixed,8,1.0552470088005066,1.0624007601290941,0.6779219717210294,9.618122694999244
1.7B,mixed,32,1.2557048071175814,1.2709563579410315,1.2145809060378987,11.397152069164074
4B,token,1,1.8395433370023966,1.8342460840940475,-0.28796564896269583,-0.1534078959784746
4B,token,8,1.9007164258509874,1.9015402048826218,0.04334044891864952,0.1628122888080119
4B,token,32,2.149049712345004,2.1571210995316505,0.37557936143968185,0.45423151031367404
4B,soft,1,1.9267710018903017,1.920146668329835,-0.3438049230535367,4.522562613138903
4B,soft,8,1.9898271709680557,1.9920162614434958,0.11001410109277021,4.928599647218235
4B,soft,32,2.2546279914677143,2.247150991111994,-0.33162900416459085,4.646802605939149
4B,entropy,1,1.8608610592782497,1.854652140289545,-0.33365838667788195,0.9573891704957926
4B,entropy,8,1.922960676252842,1.920364398509264,-0.13501460407590038,1.1543685903114609
4B,entropy,32,2.1986426264047623,2.1943799313157797,-0.19387848838139377,2.1893252492138027
4B,mixed,1,1.8478915710002184,1.844289256259799,-0.19494188928355083,0.39328893132293263
4B,mixed,8,2.000868547707796,2.00284337438643,0.0986984717659789,5.498913163886576
4B,mixed,32,2.2769960314035416,2.2839448507875204,0.30517485705479075,6.360243218432271
8B,token,1,3.166402004659176,3.165092336013913,-0.04136141410141514,0.038993663490827224
8B,token,8,3.279710989445448,3.271693741902709,-0.24444981794248255,0.20294271538199293
8B,token,32,3.727780856192112,3.710578741505742,-0.46145724091575246,0.23142066277717088
8B,soft,1,3.30216221511364,3.2956149391829967,-0.19827238954758242,4.164418291013261
8B,soft,8,3.4129559490829706,3.403101209551096,-0.2887449963871469,4.227590494757272
8B,soft,32,3.8822567462921143,3.8575141094624996,-0.6373261339102876,4.200489021622267
8B,entropy,1,3.194152943789959,3.187716644257307,-0.20150254686974733,0.7540796037171837
8B,entropy,8,3.303138919174671,3.2949613109230995,-0.2475708243483421,0.9155640881638005
8B,entropy,32,3.771243155002594,3.75089599378407,-0.5395345879921076,1.3204840554695396
8B,mixed,1,3.1804320961236954,3.1756683960556984,-0.1497815367227262,0.3732709265792389
8B,mixed,8,3.420233689248562,3.4200743678957224,-0.0046582007931283975,4.747431454050899
8B,mixed,32,3.888265449553728,3.8910732995718718,0.0722134343596803,5.107001330154937
