model,mode,batch,variant,fork_seconds,qwen_seconds,stock_seconds,change_vs_qwen_pct,ci_low,ci_high,overhead_vs_stock_pct,exact_traces
0.6B,token,1,paired-final,0.45213023759424686,0.4639555402100086,0.4567898865789175,-2.5488008205288515,-3.1437900062188495,-2.012183030176584,-1.020085847252139,1
0.6B,token,8,paired-final,0.521582119166851,0.5279799196869135,0.5252267401665449,-1.211750727917127,-1.564836869814512,-0.7118877617747099,-0.6939138320600668,8
0.6B,token,32,paired-final,0.6760542951524258,0.6784329153597355,0.6767479926347733,-0.3506050714017106,-0.5402729239547099,0.14076199981429838,-0.10250454968425693,32
0.6B,swi512,1,paired-final,0.4839693810790777,0.5106617510318756,0.4567898865789175,-5.227015710274285,-5.406068628490813,-4.863926661503026,5.950108638288465,1
0.6B,swi512,8,paired-final,0.5537833943963051,0.5815820135176182,0.5252267401665449,-4.779827861796648,-5.342639480446443,-4.2792217356067415,5.4370145397976355,8
0.6B,swi512,32,paired-final,0.7416166067123413,0.774616552516818,0.6767479926347733,-4.260165329188503,-4.381962882863655,-3.031465815795875,9.585342665741203,32
0.6B,swi8,1,paired-final,0.5033644419163465,0.5856117531657219,0.4567898865789175,-14.044682471750225,-14.195070977840766,-13.539134413694388,10.196056590973267,1
0.6B,swi8,8,paired-final,0.6040133237838745,0.736519455909729,0.5252267401665449,-17.990852931669878,-18.281743695663323,-17.873939058658927,15.00048980604969,7
0.6B,swi8,32,paired-final,0.8293733596801758,1.0608149878680706,0.6767479926347733,-21.817341462437778,-21.943338064815045,-21.717207177422114,22.552762432465933,22
0.6B,token,1,paired-exact,0.4554684106260538,0.4639555402100086,0.4567898865789175,-1.8292980357801358,-2.1006931195589496,-1.3189098177715297,-0.2892962369987595,1
0.6B,token,8,paired-exact,0.5240802615880966,0.5279799196869135,0.5252267401665449,-0.7385996992327559,-0.8886076048646996,-0.5155015851155631,-0.21828259888001522,8
0.6B,token,32,paired-exact,0.6805368047207594,0.6784329153597355,0.6767479926347733,0.3101101543559803,-0.1577172496060708,0.44122064027063423,0.5598556814679689,32
0.6B,swi512,1,paired-exact,0.48433157801628113,0.5106617510318756,0.4567898865789175,-5.156088734351072,-5.770697450755269,-4.6622489280279344,6.029400441335153,1
0.6B,swi512,8,paired-exact,0.5688029900193214,0.5815820135176182,0.5252267401665449,-2.197286573737822,-2.992951733978433,-1.8725140198680323,8.296654857854136,8
0.6B,swi512,32,paired-exact,0.7964440230280161,0.774616552516818,0.6767479926347733,2.8178419942458177,2.2556367433284263,3.265369882838365,17.686942805287377,25
0.6B,swi8,1,paired-exact,0.5108503066003323,0.5856117531657219,0.4567898865789175,-12.766384240282303,-12.866382672271826,-12.509392379664174,11.834854844597121,1
0.6B,swi8,8,paired-exact,0.6182848233729601,0.736519455909729,0.5252267401665449,-16.053158078591245,-16.387968071435598,-15.935281780758636,17.717697156261924,8
0.6B,swi8,32,paired-exact,0.8806547969579697,1.0608149878680706,0.6767479926347733,-16.983186792276616,-17.289036376642454,-16.452648574190498,30.130389235338395,8
1.7B,token,1,paired-final,0.8871620688587427,0.9011618159711361,0.8889037631452084,-1.5535220050692633,-1.6748044731396239,-1.2491223371081772,-0.19593732850258228,1
1.7B,token,8,paired-final,0.9653759431093931,0.9713244549930096,0.9629365671426058,-0.6124124491089122,-0.7865086054890669,-0.404498740271908,0.2533267558865182,8
1.7B,token,32,paired-final,1.1282635610550642,1.128684850409627,1.1308705806732178,-0.037325685235334305,-0.3217248989447197,0.16931287545245421,-0.23053209294749966,32
1.7B,swi512,1,paired-final,0.9151320643723011,0.9505732282996178,0.8889037631452084,-3.7283991250956716,-3.9534020418788285,-3.539951690518406,2.950634513492112,1
1.7B,swi512,8,paired-final,1.0017654486000538,1.0326478984206915,0.9629365671426058,-2.990607918523691,-3.1255699627192657,-2.7872184013448704,4.032340528168743,8
1.7B,swi512,32,paired-final,1.2014834340661764,1.2367833275347948,1.1308705806732178,-2.854169577057575,-3.0874493965203254,-2.6924093266674,6.244114454805438,32
1.7B,swi8,1,paired-final,0.9462203904986382,1.0281869284808636,0.8889037631452084,-7.97194904075762,-8.248154537440888,-7.800262337766595,6.448012679193349,1
1.7B,swi8,8,paired-final,1.1279205083847046,1.3882559202611446,0.9629365671426058,-18.752695960228174,-18.87464238541323,-18.556018866614178,17.13341738923344,7
1.7B,swi8,32,paired-final,1.3673543259501457,1.7041484378278255,1.1308705806732178,-19.763191069609576,-19.86052629544598,-19.45161997681064,20.911654199735842,32
1.7B,token,1,paired-exact,0.89130524918437,0.9011618159711361,0.8889037631452084,-1.093762142611887,-1.2725786228752867,-0.6798521450004147,0.27016265862847,1
1.7B,token,8,paired-exact,0.967356463894248,0.9713244549930096,0.9629365671426058,-0.4085134558657999,-0.6979460497272905,0.1441494878566152,0.45900185977543195,8
1.7B,token,32,paired-exact,1.1259572245180607,1.128684850409627,1.1308705806732178,-0.24166408281074414,-0.4139694405031591,-0.1274298195208634,-0.43447554823047296,32
1.7B,swi512,1,paired-exact,0.919127931818366,0.9505732282996178,0.8889037631452084,-3.3080351460666457,-3.467872322693233,-3.1655489841955764,3.4001620789876563,1
1.7B,swi512,8,paired-exact,1.0120990332216024,1.0326478984206915,0.9629365671426058,-1.9899198197678047,-2.1712695061462672,-1.7762572573139401,5.105472962240931,8
1.7B,swi512,32,paired-exact,1.2434460930526257,1.2367833275347948,1.1308705806732178,0.5387172813132279,0.2544350944058582,0.7071828679719561,9.954765320041359,32
1.7B,swi8,1,paired-exact,0.9502362422645092,1.0281869284808636,0.8889037631452084,-7.58137300301277,-7.866748200974049,-7.399609027055709,6.89978844304675,1
1.7B,swi8,8,paired-exact,1.1417129803448915,1.3882559202611446,0.9629365671426058,-17.75918519907165,-17.93894666583149,-17.57596598377408,18.565751816112087,7
1.7B,swi8,32,paired-exact,1.41319359280169,1.7041484378278255,1.1308705806732178,-17.07332756746225,-17.19037547820089,-16.72787203793392,24.96510360720523,32
4B,token,1,paired-final,1.8226419240236282,1.8295665811747313,1.8216047249734402,-0.3784862066433692,-0.45394380019491143,-0.14691637923166523,0.05693875493231193,1
4B,token,8,paired-final,1.8880442921072245,1.890195744112134,1.8842495437711477,-0.11382165109677933,-0.23617996501091865,-0.03457310716425965,0.20139308769484554,7
4B,token,32,paired-final,2.128098176792264,2.1304470021277666,2.120290881022811,-0.11025035277369977,-0.19674984788669025,0.020011928244101362,0.36821814588414714,23
4B,swi512,1,paired-final,1.8551783971488476,1.883028820157051,1.8216047249734402,-1.4790226633855097,-1.5465506677426744,-1.4257964056046402,1.8430821854558355,1
4B,swi512,8,paired-final,1.926858026534319,1.958550300449133,1.8842495437711477,-1.6181496031807963,-1.6910194883955398,-1.5247611751532442,2.2612972312517687,7
4B,swi512,32,paired-final,2.202761260792613,2.2378345020115376,2.120290881022811,-1.5672848545054574,-1.6906383950305859,-1.218480780293374,3.889578571880614,25
4B,swi8,1,paired-final,1.9039171859622002,2.012439824640751,1.8216047249734402,-5.392590493875938,-5.450643323930471,-5.218393260809206,4.51867849595966,1
4B,swi8,8,paired-final,2.021371241658926,2.3626002948731184,1.8842495437711477,-14.44294466375311,-14.705256770242991,-14.334338652552692,7.277257852659047,3
4B,swi8,32,paired-final,2.38792609795928,2.7446234151721,2.120290881022811,-12.996220728899289,-13.110094225909453,-12.830299821683921,12.622570767618635,11
4B,token,1,paired-exact,1.8285363167524338,1.8295665811747313,1.8216047249734402,-0.056311939281050716,-0.10600069965532866,0.12009223424593873,0.380521179153992,1
4B,token,8,paired-exact,1.893080959096551,1.890195744112134,1.8842495437711477,0.15264106870436223,0.020272807099241952,0.2283891493298995,0.4686966943735049,7
4B,token,32,paired-exact,2.1314089205116034,2.1304470021277666,2.120290881022811,0.04515101210571526,-0.039247316140689215,0.18258477233374926,0.524363878008538,21
4B,swi512,1,paired-exact,1.8653949443250895,1.883028820157051,1.8216047249734402,-0.9364634063588562,-1.183890096823681,-0.5727435053454855,2.403936416682706,1
4B,swi512,8,paired-exact,1.944184871390462,1.958550300449133,1.8842495437711477,-0.7334725615868343,-0.7910928617830382,-0.3762739046135555,3.180859340921449,5
4B,swi512,32,paired-exact,2.248342901468277,2.2378345020115376,2.120290881022811,0.46957893656986993,0.3387145481559495,0.5975170671804308,6.039360994831755,26
4B,swi8,1,paired-exact,1.9086095318198204,2.012439824640751,1.8216047249734402,-5.159423479381086,-5.2219863428521585,-4.989054474408883,4.776272571847273,1
4B,swi8,8,paired-exact,2.0571573115885258,2.3626002948731184,1.8842495437711477,-12.92825468393486,-13.208373704257948,-12.856025417261705,9.176479218953105,3
4B,swi8,32,paired-exact,2.4329142533242702,2.7446234151721,2.120290881022811,-11.357083092883414,-11.438435171668825,-11.335608833225441,14.744362440999236,15
8B,token,1,paired-final,3.1538101993501186,3.1569710671901703,3.15025413967669,-0.10012343391112566,-0.11299629170797854,-0.03535004730387259,0.11288167607308441,1
8B,token,8,paired-final,3.2529518641531467,3.2623914293944836,3.2457336261868477,-0.2893449619897015,-0.4071305991432683,0.11326417331141148,0.22239156990770947,8
8B,token,32,paired-final,3.6689206063747406,3.6668305676430464,3.665378626435995,0.05699850847042942,-0.08243481682176368,0.12772289117755076,0.09663339861261111,31
8B,swi512,1,paired-final,3.189270980656147,3.2187422681599855,3.15025413967669,-0.9156150150749998,-0.9481983948870121,-0.8977447125598781,1.2385299486809442,1
8B,swi512,8,paired-final,3.297106772661209,3.326658835634589,3.2457336261868477,-0.8883406575036612,-0.9414298629185858,-0.8463914552204077,1.582789975735488,8
8B,swi512,32,paired-final,3.7492226492613554,3.785912236198783,3.665378626435995,-0.969108226720683,-1.0322211622599275,-0.8985759371216484,2.2874587149236847,32
8B,swi8,1,paired-final,3.3921080119907856,3.727649923413992,3.15025413967669,-9.001433029309203,-9.058911941943926,-8.950456592756273,7.677281310990258,0
8B,swi8,8,paired-final,3.5589387100189924,4.001410478726029,3.2457336261868477,-11.057894986267724,-11.08757354663098,-11.01692858161849,9.649747018830501,8
8B,swi8,32,paired-final,4.11313996091485,4.732721021398902,3.665378626435995,-13.091434244330657,-13.109088607881048,-13.017863467326174,12.215964027548033,32
8B,token,1,paired-exact,3.14653317630291,3.1569710671901703,3.15025413967669,-0.33062991915698836,-0.38169413686178766,-0.2055370761181674,-0.11811629185454198,1
8B,token,8,paired-exact,3.2441387567669153,3.2623914293944836,3.2457336261868477,-0.5594875116183062,-0.7214980028456996,-0.18177150222206118,-0.04913740939997968,8
8B,token,32,paired-exact,3.6630301903933287,3.6668305676430464,3.665378626435995,-0.10364201943916518,-0.28034245654827705,-0.043060041400455606,-0.06407076272363366,32
8B,swi512,1,paired-exact,3.1844181083142757,3.2187422681599855,3.15025413967669,-1.066384226697703,-1.1367323739286506,-1.0241866940783995,1.0844829376556842,1
8B,swi512,8,paired-exact,3.30177859403193,3.326658835634589,3.2457336261868477,-0.7479048147692957,-0.8873384538610196,-0.7281791912707836,1.726727276474782,8
8B,swi512,32,paired-exact,3.7884237207472324,3.785912236198783,3.665378626435995,0.0663376325641174,-0.02443375145884108,0.11748805098008575,3.3569545428074665,32
8B,swi8,1,paired-exact,3.3849740847945213,3.727649923413992,3.15025413967669,-9.192811708714022,-9.23321124116242,-9.150947439074086,7.4508257020152735,0
8B,swi8,8,paired-exact,3.5632225144654512,4.001410478726029,3.2457336261868477,-10.950837625638666,-11.012021116396609,-10.878048401784568,9.781729644018755,8
8B,swi8,32,paired-exact,4.154806420207024,4.732721021398902,3.665378626435995,-12.211043046459935,-12.229364118474617,-12.183059735616663,13.352721332554939,32
