file,model,engine,mode,seed,temperature,budget,correct,count,length_limited,seconds,positions
adaptive-isolated-base.jsonl.gz,0.6B,fork,adaptive,20261006,0.6,2048,88,128,32,61.83375837653875,163117
adaptive-isolated-gated.jsonl.gz,0.6B,fork,adaptive,20261006,0.6,2048,90,128,32,59.29284753091633,159712
adaptive-strict-base.jsonl.gz,0.6B,fork,adaptive,20261006,0.6,2048,87,128,35,111.0758453309536,164750
adaptive-strict-gated.jsonl.gz,0.6B,fork,adaptive,20261006,0.6,2048,87,128,35,110.61015548184514,164750
exact-compact-quality.jsonl.gz,0.6B,fork,swi512,20261006,0.6,2048,89,128,32,63.78703631646931,165096
exact-compact-quality.jsonl.gz,0.6B,fork,dense32,20261006,0.6,2048,87,128,35,65.09461809694767,161195
exact-compact-valid-quality.jsonl.gz,0.6B,fork,swi512,20261006,0.6,2048,92,128,30,60.964692167937756,159738
exact-compact-valid-quality.jsonl.gz,0.6B,fork,dense32,20261006,0.6,2048,87,128,35,65.15322787128389,161195
exact-quality1.jsonl.gz,1.7B,fork,swi512,20261006,0.6,2048,89,128,36,100.54265895299613,195855
exact-quality1.jsonl.gz,1.7B,fork,dense32,20261006,0.6,2048,80,128,45,110.15240984968841,195424
exact-quality2.jsonl.gz,4B,fork,swi512,20261006,0.6,2048,86,128,39,165.08184196054935,196003
exact-quality2.jsonl.gz,4B,fork,dense32,20261006,0.6,2048,79,128,46,176.27730754949152,193463
exact-quality3.jsonl.gz,8B,fork,swi512,20261006,0.6,2048,78,128,48,258.5161274559796,206646
exact-quality3.jsonl.gz,8B,fork,dense32,20261006,0.6,2048,83,128,43,269.34913438372314,200672
fork-quality0.jsonl.gz,0.6B,fork,token,20261006,0.6,2048,92,128,27,54.81414656713605,160243
fork-quality0.jsonl.gz,0.6B,fork,swi512,20261006,0.6,2048,81,128,38,61.07938451319933,164617
fork-quality0.jsonl.gz,0.6B,fork,dense32,20261006,0.6,2048,90,128,31,63.17347736284137,161052
fork-quality0.jsonl.gz,0.6B,fork,bf16,20261006,0.6,2048,83,128,35,60.55054566450417,160533
fork-quality0.jsonl.gz,0.6B,fork,topk,20261006,0.6,2048,89,128,28,59.44382840767503,159044
fork-quality0.jsonl.gz,0.6B,fork,adaptive,20261006,0.6,2048,90,128,32,60.21091814339161,159712
fork-quality0.jsonl.gz,0.6B,fork,lowrank,20261006,0.6,2048,1,128,126,99.21811542846262,259565
fork-quality1.jsonl.gz,1.7B,fork,token,20261006,0.6,2048,79,128,47,93.59517357684672,198948
fork-quality1.jsonl.gz,1.7B,fork,swi512,20261006,0.6,2048,89,128,36,97.9475186560303,196090
fork-quality1.jsonl.gz,1.7B,fork,dense32,20261006,0.6,2048,78,128,49,110.15439145080745,200345
fork-quality1.jsonl.gz,1.7B,fork,bf16,20261006,0.6,2048,79,128,40,102.82892247848213,196018
fork-quality1.jsonl.gz,1.7B,fork,topk,20261006,0.6,2048,83,128,43,101.3483693767339,198721
fork-quality1.jsonl.gz,1.7B,fork,adaptive,20261006,0.6,2048,76,128,45,99.42895304597914,194816
fork-quality1.jsonl.gz,1.7B,fork,lowrank,20261006,0.6,2048,46,128,59,74.91851251199841,143279
fork-quality2.jsonl.gz,4B,fork,token,20261006,0.6,2048,83,128,45,160.33313928358257,197280
fork-quality2.jsonl.gz,4B,fork,swi512,20261006,0.6,2048,84,128,42,168.15561349876225,197836
fork-quality2.jsonl.gz,4B,fork,dense32,20261006,0.6,2048,80,128,45,173.5595828294754,194171
fork-quality2.jsonl.gz,4B,fork,bf16,20261006,0.6,2048,86,128,39,168.53869509138167,192972
fork-quality2.jsonl.gz,4B,fork,topk,20261006,0.6,2048,79,128,46,168.24461597576737,194999
fork-quality2.jsonl.gz,4B,fork,adaptive,20261006,0.6,2048,81,128,44,167.45368595793843,195026
fork-quality2.jsonl.gz,4B,fork,lowrank,20261006,0.6,2048,21,128,33,123.91377019882202,147180
fork-quality3.jsonl.gz,8B,fork,token,20261006,0.6,2048,81,128,43,242.00662837922573,200264
fork-quality3.jsonl.gz,8B,fork,swi512,20261006,0.6,2048,78,128,49,259.3132603485137,206144
fork-quality3.jsonl.gz,8B,fork,dense32,20261006,0.6,2048,82,128,44,266.06300559826195,201865
fork-quality3.jsonl.gz,8B,fork,bf16,20261006,0.6,2048,79,128,50,256.4776121955365,201113
fork-quality3.jsonl.gz,8B,fork,topk,20261006,0.6,2048,76,128,50,254.13253147527575,204002
fork-quality3.jsonl.gz,8B,fork,adaptive,20261006,0.6,2048,78,128,50,254.7880246732384,204887
fork-quality3.jsonl.gz,8B,fork,lowrank,20261006,0.6,2048,6,128,121,295.667010916397,255208
gated-quality0.jsonl.gz,0.6B,fork,topk,20261006,0.6,2048,89,128,28,58.85553904436529,159044
gated-quality0.jsonl.gz,0.6B,fork,adaptive,20261006,0.6,2048,85,128,36,62.15048014931381,165828
gated-quality0.jsonl.gz,0.6B,fork,lowrank,20261006,0.6,2048,1,128,126,98.71281921491027,259565
qwen-quality0.jsonl.gz,0.6B,qwen,token,20261006,0,1024,52,128,75,29.907439187169075,115602
qwen-quality0.jsonl.gz,0.6B,qwen,swi8,20261006,0,1024,1,128,26,19.419868919998407,43124
qwen-quality1.jsonl.gz,1.7B,qwen,token,20261006,0,1024,24,128,102,45.6292206402868,126202
qwen-quality1.jsonl.gz,1.7B,qwen,swi8,20261006,0,1024,6,128,12,20.70825013704598,27489
qwen-quality2.jsonl.gz,4B,qwen,token,20261006,0,1024,30,128,98,79.14802750013769,125190
qwen-quality2.jsonl.gz,4B,qwen,swi8,20261006,0,1024,17,128,23,43.57268341258168,39964
qwen-quality3.jsonl.gz,8B,qwen,token,20261006,0,1024,15,128,115,126.52958180382848,128692
qwen-quality3.jsonl.gz,8B,qwen,swi8,20261006,0,1024,21,128,24,75.17211688868701,41366
qwen-sampled0.jsonl.gz,0.6B,qwen,token,20261006,0.6,2048,92,128,27,54.65974220819771,160243
qwen-sampled0.jsonl.gz,0.6B,qwen,swi512,20261006,0.6,2048,92,128,30,61.334696581587195,159738
qwen-sampled0.jsonl.gz,0.6B,qwen,dense32,20261006,0.6,2048,87,128,35,71.93089256435633,161195
qwen-sampled1.jsonl.gz,1.7B,qwen,token,20261006,0.6,2048,79,128,47,93.54969241656363,198948
qwen-sampled1.jsonl.gz,1.7B,qwen,swi512,20261006,0.6,2048,79,128,49,104.01897938735783,199516
qwen-sampled1.jsonl.gz,1.7B,qwen,dense32,20261006,0.6,2048,80,128,45,125.0554191544652,195424
qwen-sampled2.jsonl.gz,4B,qwen,token,20261006,0.6,2048,81,128,47,158.07293576933444,198475
qwen-sampled2.jsonl.gz,4B,qwen,swi512,20261006,0.6,2048,81,128,46,167.0975992809981,198615
qwen-sampled2.jsonl.gz,4B,qwen,dense32,20261006,0.6,2048,79,128,47,197.34054730273783,197205
qwen-sampled3.jsonl.gz,8B,qwen,token,20261006,0.6,2048,75,128,49,242.95692065916955,203184
qwen-sampled3.jsonl.gz,8B,qwen,swi512,20261006,0.6,2048,78,128,47,254.79779422469437,200578
qwen-sampled3.jsonl.gz,8B,qwen,dense32,20261006,0.6,2048,82,128,46,308.49181374907494,201370
