model,mode,reference,difference_pp,ci_low,ci_high,gains,losses,exact_traces
0.6B,token,qwen:token,0.0,0.0,0.0,0,0,128
0.6B,swi512,qwen:swi512,-8.59375,-15.625,-1.5625,6,17,22
0.6B,dense32,qwen:dense32,2.34375,-4.6875,9.375,12,9,0
0.6B,bf16,fork:dense32,-5.46875,-12.5,1.5625,8,15,1
0.6B,topk,fork:dense32,-0.78125,-7.8125,6.25,10,11,0
0.6B,adaptive,fork:dense32,0.0,-7.03125,7.03125,10,10,0
0.6B,lowrank,fork:dense32,-69.53125,-77.34375,-61.71875,0,89,0
1.7B,token,qwen:token,0.0,0.0,0.0,0,0,127
1.7B,swi512,qwen:swi512,7.8125,2.34375,13.28125,12,2,0
1.7B,dense32,qwen:dense32,-1.5625,-8.59375,5.46875,9,11,0
1.7B,bf16,fork:dense32,0.78125,-7.03125,8.59375,14,13,1
1.7B,topk,fork:dense32,3.90625,-3.90625,11.71875,15,10,0
1.7B,adaptive,fork:dense32,-1.5625,-9.375,6.25,11,13,0
1.7B,lowrank,fork:dense32,-25.0,-36.71875,-13.28125,17,49,0
4B,token,qwen:token,1.5625,-5.46875,8.59375,11,9,0
4B,swi512,qwen:swi512,2.34375,-3.90625,8.59375,10,7,1
4B,dense32,qwen:dense32,0.78125,-6.25,8.59375,12,11,0
4B,bf16,fork:dense32,4.6875,-1.5625,10.9375,12,6,1
4B,topk,fork:dense32,-0.78125,-7.8125,7.03125,11,12,1
4B,adaptive,fork:dense32,0.78125,-5.46875,6.25,8,7,1
4B,lowrank,fork:dense32,-46.09375,-55.46875,-36.71875,2,61,0
8B,token,qwen:token,4.6875,-1.5625,10.9375,11,5,1
8B,swi512,qwen:swi512,0.0,-7.03125,7.03125,11,11,0
8B,dense32,qwen:dense32,0.0,-6.25,6.25,8,8,0
8B,bf16,fork:dense32,-2.34375,-8.59375,3.90625,7,10,0
8B,topk,fork:dense32,-4.6875,-11.71875,1.5625,7,13,1
8B,adaptive,fork:dense32,-3.125,-9.375,3.125,7,11,0
8B,lowrank,fork:dense32,-59.375,-67.96875,-50.78125,0,76,0
